{
    "accuracy": 0.8619247078895569,
    "loss": 0.39202478528022766
}