{
    "accuracy": 0.8368200659751892,
    "loss": 0.4277755320072174
}