{
    "accuracy": 0.8619247078895569,
    "loss": 0.4600871801376343
}