{
    "accuracy": 0.8242678046226501,
    "loss": 0.5339633822441101
}