{
    "loss": 1.4266047477722168,
    "accuracy": 0.7866109013557434
}