{
    "accuracy": 0.5269230604171753,
    "loss": 1.3393003940582275
}