{
    "accuracy": 0.5615384578704834,
    "loss": 1.2927536964416504
}