{
    "accuracy": 0.5423076748847961,
    "loss": 1.335237979888916,
    "precision": 0.8779342770576477,
    "recall": 0.9077669978141785,
    "per_class_acc": 0.49194765090942383
}