{
    "accuracy": 0.5653846263885498,
    "loss": 1.2966738939285278,
    "precision": 0.8809523582458496,
    "recall": 0.8980582356452942,
    "per_class_acc": 0.5301464796066284
}