{
    "loss": 1.4596493244171143,
    "accuracy": 0.7782427072525024
}