{
    "accuracy": 0.849372386932373,
    "loss": 0.6131154894828796
}