{
    "accuracy": 0.8535565137863159,
    "loss": 0.36277779936790466
}