{
    "accuracy": 0.8410041928291321,
    "loss": 0.42841535806655884
}