{
    "accuracy": 0.8326359987258911,
    "loss": 0.38338062167167664
}