{
    "accuracy": 0.8451882600784302,
    "loss": 0.3822164237499237
}