{
    "accuracy": 0.8075313568115234,
    "loss": 0.42497026920318604
}