{
    "accuracy": 0.8158996105194092,
    "loss": 0.5236966013908386
}