{
    "accuracy": 0.8242678046226501,
    "loss": 0.41352176666259766
}