{
    "accuracy": 0.8117154836654663,
    "loss": 1.4839774370193481
}