{
    "accuracy": 0.8033472895622253,
    "loss": 1.8248436450958252
}