{
    "accuracy": 0.5153846144676208,
    "loss": 1.3319064378738403
}