{
    "accuracy": 0.5384615659713745,
    "loss": 1.3828433752059937
}