{
    "accuracy": 0.5346153974533081,
    "loss": 1.6903140544891357
}