{
    "accuracy": 0.5692307949066162,
    "loss": 1.4031928777694702
}