{
    "accuracy": 0.8284518718719482,
    "loss": 0.5652609467506409
}