{
    "accuracy": 0.849372386932373,
    "loss": 0.5277926921844482
}